class,x1,y1,z1,v1,x2,y2,z2,v2,x3,y3,z3,v3,x4,y4,z4,v4,x5,y5,z5,v5,x6,y6,z6,v6,x7,y7,z7,v7,x8,y8,z8,v8,x9,y9,z9,v9,x10,y10,z10,v10,x11,y11,z11,v11,x12,y12,z12,v12,x13,y13,z13,v13,x14,y14,z14,v14,x15,y15,z15,v15,x16,y16,z16,v16,x17,y17,z17,v17,x18,y18,z18,v18,x19,y19,z19,v19,x20,y20,z20,v20,x21,y21,z21,v21,x22,y22,z22,v22,x23,y23,z23,v23,x24,y24,z24,v24,x25,y25,z25,v25,x26,y26,z26,v26,x27,y27,z27,v27,x28,y28,z28,v28,x29,y29,z29,v29,x30,y30,z30,v30,x31,y31,z31,v31,x32,y32,z32,v32,x33,y33,z33,v33
rs,0.6085432171821594,0.4277975261211395,-0.18714646995067596,0.995786726474762,0.6159036159515381,0.41662946343421936,-0.17044460773468018,0.9956947565078735,0.614830493927002,0.4154452681541443,-0.17061786353588104,0.9959316849708557,0.6138767004013062,0.4139675498008728,-0.17079892754554749,0.9967669248580933,0.6148371696472168,0.41618049144744873,-0.2320840209722519,0.9961418509483337,0.6129294037818909,0.41505128145217896,-0.2322147935628891,0.9958498477935791,0.6110564470291138,0.41372406482696533,-0.2323925644159317,0.9967851638793945,0.5947755575180054,0.40420299768447876,-0.07570859044790268,0.992188572883606,0.5920119285583496,0.40450096130371094,-0.35139304399490356,0.9954320192337036,0.5887401700019836,0.42876166105270386,-0.14256137609481812,0.9959361553192139,0.5866396427154541,0.4280378222465515,-0.22342020273208618,0.9975436329841614,0.5064904093742371,0.4271896183490753,0.12283134460449219,0.9974779486656189,0.5022401213645935,0.43530765175819397,-0.4713514447212219,0.9999271631240845,0.43751177191734314,0.5022998452186584,0.20686011016368866,0.03787422925233841,0.45509612560272217,0.5274034738540649,-0.5047856569290161,0.9810282588005066,0.4240812063217163,0.5723459720611572,0.11089105904102325,0.05033924803137779,0.4629345238208771,0.6083440184593201,-0.37137871980667114,0.9138316512107849,0.423318088054657,0.5903500914573669,0.1196877732872963,0.05865251272916794,0.46982574462890625,0.6254894137382507,-0.41824203729629517,0.8829335570335388,0.43123137950897217,0.599413275718689,0.06989675760269165,0.06154567003250122,0.4735812544822693,0.625531017780304,-0.38419783115386963,0.8755776286125183,0.42711079120635986,0.5869653820991516,0.08539018779993057,0.06716609001159668,0.46680524945259094,0.618244469165802,-0.35408806800842285,0.8177777528762817,0.34628188610076904,0.5450525879859924,0.1873965561389923,0.9984543323516846,0.3313055634498596,0.5540479421615601,-0.18727058172225952,0.9993076324462891,0.40596091747283936,0.6406656503677368,0.3905930817127228,0.2113480269908905,0.3973149061203003,0.656746506690979,0.05216052383184433,0.9809517860412598,0.4170534908771515,0.7418136596679688,0.6652271151542664,0.391422837972641,0.4172385334968567,0.7665964961051941,0.30059337615966797,0.9791655540466309,0.3971482217311859,0.7613047957420349,0.6889874339103699,0.43543389439582825,0.3905186653137207,0.7872751355171204,0.31772467494010925,0.9632357358932495,0.4919767379760742,0.7620772123336792,0.6352949738502502,0.6339902877807617,0.5006527304649353,0.7864093780517578,0.2073792815208435,0.9751965999603271
rs,0.6043365001678467,0.42915669083595276,-0.18256087601184845,0.9948853850364685,0.6125167608261108,0.41841182112693787,-0.16493161022663116,0.9949892163276672,0.6116446256637573,0.4171460270881653,-0.1651145964860916,0.9952292442321777,0.6108695268630981,0.4156097173690796,-0.1653037816286087,0.9962689876556396,0.611526608467102,0.4179433584213257,-0.22682401537895203,0.9956692457199097,0.6099410653114319,0.4166940152645111,-0.2269633263349533,0.9952582716941833,0.6084495782852173,0.4152604937553406,-0.22715549170970917,0.9963988065719604,0.5919546484947205,0.4050593376159668,-0.07038471102714539,0.9903655052185059,0.5906933546066284,0.4054965674877167,-0.3476414978504181,0.9941703081130981,0.5837931036949158,0.4292604923248291,-0.13850276172161102,0.9947569370269775,0.5818523168563843,0.4284284710884094,-0.2198386937379837,0.9968974590301514,0.5059939026832581,0.4275835156440735,0.12938444316387177,0.9966055154800415,0.502455472946167,0.43629634380340576,-0.47322601079940796,0.9999067783355713,0.4354591965675354,0.5025784969329834,0.21184666454792023,0.0332220159471035,0.4532267153263092,0.5291802883148193,-0.5199539661407471,0.972658634185791,0.4264955520629883,0.5735085010528564,0.11662207543849945,0.04305342584848404,0.4597695767879486,0.6081869006156921,-0.3965693712234497,0.8720731735229492,0.42802008986473083,0.5888335108757019,0.1279257833957672,0.05187022686004639,0.4661455452442169,0.6258174180984497,-0.44439753890037537,0.8395798206329346,0.4349307417869568,0.5927083492279053,0.07637115567922592,0.05446484684944153,0.47245991230010986,0.6270031332969666,-0.40880438685417175,0.8292746543884277,0.4298763573169708,0.5876508355140686,0.09064909815788269,0.05969543009996414,0.4655160903930664,0.6195710897445679,-0.3789624273777008,0.7574526071548462,0.34538978338241577,0.5439179539680481,0.19214120507240295,0.9976709485054016,0.32998883724212646,0.5524506568908691,-0.1919596642255783,0.9992049336433411,0.4095735549926758,0.6366603374481201,0.40803444385528564,0.19362562894821167,0.4015551507472992,0.652715802192688,0.019583461806178093,0.981234610080719,0.43296709656715393,0.7300258278846741,0.6904118061065674,0.35310497879981995,0.415845662355423,0.7657113075256348,0.23785419762134552,0.9813119769096375,0.4168277382850647,0.7474092245101929,0.715418815612793,0.3972826898097992,0.39194414019584656,0.7871983647346497,0.25159570574760437,0.9662295579910278,0.4996389150619507,0.7498450875282288,0.6706016659736633,0.592293381690979,0.5020049214363098,0.7848858833312988,0.1378798484802246,0.976125955581665
rs,0.6004937887191772,0.42987877130508423,-0.1696394681930542,0.9952206015586853,0.610103964805603,0.41899973154067993,-0.1523255854845047,0.9952054023742676,0.6092405319213867,0.4175659418106079,-0.15250474214553833,0.9952999353408813,0.6084456443786621,0.41581201553344727,-0.15268667042255402,0.9963008165359497,0.6094158887863159,0.41862645745277405,-0.21418815851211548,0.995827853679657,0.6079973578453064,0.41728028655052185,-0.21431909501552582,0.9954121708869934,0.6065807342529297,0.4157218337059021,-0.21449722349643707,0.996572732925415,0.5908520817756653,0.4036831259727478,-0.05772216245532036,0.9901819825172424,0.5887928009033203,0.4043734669685364,-0.335528701543808,0.994517982006073,0.580373227596283,0.42953792214393616,-0.12561078369617462,0.9949978590011597,0.5788102149963379,0.4287525415420532,-0.2071247398853302,0.9970917701721191,0.5011571645736694,0.4233889877796173,0.13850906491279602,0.9970322847366333,0.5001423954963684,0.4339725971221924,-0.4600571393966675,0.9999274015426636,0.43395811319351196,0.4965393841266632,0.2222840040922165,0.03102916106581688,0.45394566655158997,0.5230608582496643,-0.5005363821983337,0.973828136920929,0.4234206974506378,0.5747105479240417,0.12865585088729858,0.045453235507011414,0.45852407813072205,0.6043190360069275,-0.36375659704208374,0.8878715634346008,0.42510756850242615,0.5911218523979187,0.13997845351696014,0.056360241025686264,0.46334293484687805,0.6206614375114441,-0.4076012074947357,0.8619562983512878,0.43151092529296875,0.5941960215568542,0.08872837573289871,0.059196438640356064,0.46942591667175293,0.6217583417892456,-0.37450265884399414,0.8549550771713257,0.425097793340683,0.5797041654586792,0.1027720645070076,0.06513216346502304,0.4629296064376831,0.6144588589668274,-0.3465298116207123,0.7912759780883789,0.34360846877098083,0.5415834784507751,0.19119708240032196,0.9976593255996704,0.3275164067745209,0.5509993433952332,-0.19099336862564087,0.9991555213928223,0.4072478115558624,0.634087324142456,0.3953925371170044,0.2008214145898819,0.3970275819301605,0.6517685651779175,0.01525928359478712,0.9814530611038208,0.41536471247673035,0.7354608178138733,0.6646242737770081,0.356658011674881,0.4152807891368866,0.7648270130157471,0.2286067008972168,0.9802290201187134,0.4102516174316406,0.7483322620391846,0.6882408261299133,0.4086376130580902,0.39111587405204773,0.785428524017334,0.2426537573337555,0.9657436609268188,0.49360719323158264,0.7541226744651794,0.6437090039253235,0.5982322096824646,0.49948957562446594,0.7853572964668274,0.13552226126194,0.9756662845611572
rs,0.6031185388565063,0.42938166856765747,-0.17690758407115936,0.9948214292526245,0.6106301546096802,0.4184764325618744,-0.15976354479789734,0.9948413968086243,0.6096513867378235,0.4170910716056824,-0.15993711352348328,0.9950908422470093,0.6087847948074341,0.41544538736343384,-0.16013577580451965,0.9961612224578857,0.6098110675811768,0.41809964179992676,-0.22056275606155396,0.9953933954238892,0.6082113981246948,0.4167774021625519,-0.22069866955280304,0.9951391220092773,0.6066537499427795,0.4152897894382477,-0.22087247669696808,0.9962595701217651,0.5905913710594177,0.40450519323349,-0.06753288209438324,0.9905698299407959,0.5878492593765259,0.40480881929397583,-0.33966493606567383,0.9940087795257568,0.5826122164726257,0.4294072389602661,-0.1337343454360962,0.9946898221969604,0.5809377431869507,0.42866626381874084,-0.21360133588314056,0.9969522953033447,0.5019108653068542,0.4254536032676697,0.12617434561252594,0.9963604807853699,0.49870502948760986,0.4333820044994354,-0.45946526527404785,0.999903678894043,0.42932143807411194,0.5001700520515442,0.2103433907032013,0.04300229996442795,0.45322176814079285,0.5259082317352295,-0.49999043345451355,0.9776264429092407,0.42140474915504456,0.5758520364761353,0.12912577390670776,0.05494960770010948,0.4603332579135895,0.6094933152198792,-0.3823566138744354,0.9092351198196411,0.4271000623703003,0.5946716666221619,0.14227192103862762,0.06323903799057007,0.46804097294807434,0.6269846558570862,-0.4276825189590454,0.8814656734466553,0.4329852759838104,0.6046749949455261,0.09204091131687164,0.06648482382297516,0.47537100315093994,0.6287725567817688,-0.3955775201320648,0.8752078413963318,0.4238605797290802,0.5886709094047546,0.10414502769708633,0.07241866737604141,0.46702098846435547,0.6206851005554199,-0.3661631643772125,0.8161513805389404,0.342854768037796,0.5414161086082458,0.18479424715042114,0.9978888630867004,0.3264106810092926,0.5484902858734131,-0.18462340533733368,0.9991552829742432,0.40484973788261414,0.6350374221801758,0.34803086519241333,0.2453918308019638,0.3973655700683594,0.6514425277709961,0.007443013601005077,0.9835708141326904,0.41241157054901123,0.7390197515487671,0.5961875319480896,0.4093444049358368,0.41486218571662903,0.7645959854125977,0.20639321208000183,0.9838564395904541,0.3963134288787842,0.7603123784065247,0.6172031164169312,0.43568873405456543,0.3909507989883423,0.7858959436416626,0.21841056644916534,0.968592643737793,0.4906315803527832,0.7593052387237549,0.5696021318435669,0.6238921284675598,0.499835342168808,0.7838875651359558,0.11217206716537476,0.9779694080352783
rt,0.5567554831504822,0.39315804839134216,-0.14589427411556244,0.997283935546875,0.5657665133476257,0.3856067955493927,-0.11317402869462967,0.9979512095451355,0.566921055316925,0.3853958249092102,-0.11342837661504745,0.9982194304466248,0.5680689811706543,0.3851814270019531,-0.11353082954883575,0.9976029992103577,0.5603707432746887,0.3819398880004883,-0.13835227489471436,0.9974820017814636,0.5579695105552673,0.378091424703598,-0.13852977752685547,0.9972625970840454,0.5543199777603149,0.37428271770477295,-0.13864801824092865,0.9970541000366211,0.5576794147491455,0.3774612545967102,0.0431465320289135,0.997225821018219,0.5318357348442078,0.3587976396083832,-0.07848364114761353,0.9975837469100952,0.5464552044868469,0.39628344774246216,-0.08877508342266083,0.9946725964546204,0.5391006469726562,0.39188167452812195,-0.12474428862333298,0.9978185892105103,0.5319214463233948,0.4108039140701294,0.03967275470495224,0.99616539478302,0.4035767912864685,0.365198016166687,-0.046310100704431534,0.999699592590332,0.447703093290329,0.42116236686706543,-0.043164461851119995,0.7080772519111633,0.2917632460594177,0.3210970163345337,-0.08931448310613632,0.9868258833885193,0.34632784128189087,0.3626057505607605,-0.24272520840168,0.8582687377929688,0.18662728369235992,0.2522415816783905,-0.20558373630046844,0.9752251505851746,0.31309956312179565,0.35064151883125305,-0.29632383584976196,0.8390785455703735,0.16361713409423828,0.2392318844795227,-0.25454699993133545,0.9540562033653259,0.3188456892967224,0.3444376587867737,-0.3171754777431488,0.8425508141517639,0.16097843647003174,0.22840015590190887,-0.28200680017471313,0.9591798186302185,0.3307008147239685,0.3494434952735901,-0.25534164905548096,0.8140798807144165,0.16646453738212585,0.23224994540214539,-0.2260282337665558,0.9555503129959106,0.3939815163612366,0.5258442759513855,0.12957601249217987,0.9942264556884766,0.3061195909976959,0.5170931220054626,-0.1293412297964096,0.99860018491745,0.4608919620513916,0.6225119829177856,0.03183264285326004,0.7927572131156921,0.3549325466156006,0.6278302669525146,-0.3251946270465851,0.9918122291564941,0.4137780964374542,0.7282047867774963,0.027135178446769714,0.8040804862976074,0.393456369638443,0.7431506514549255,-0.3603285253047943,0.989528238773346,0.39333397150039673,0.7462317943572998,0.020357685163617134,0.868441104888916,0.3825681805610657,0.7632046937942505,-0.3725493252277374,0.9631336331367493,0.4912930727005005,0.7573671936988831,-0.07772289216518402,0.8638180494308472,0.4647698998451233,0.7646510601043701,-0.5338503122329712,0.9767638444900513
rt,0.5639926195144653,0.3857842683792114,-0.004193496890366077,0.9981241822242737,0.5697233080863953,0.37636637687683105,0.034426502883434296,0.9987931251525879,0.5703795552253723,0.37621355056762695,0.03426545858383179,0.9984326958656311,0.5708497762680054,0.3759954571723938,0.0342683345079422,0.9983928799629211,0.564591646194458,0.37294209003448486,0.009066623635590076,0.9989537000656128,0.5612815022468567,0.370508074760437,0.008899543434381485,0.9984935522079468,0.5575027465820312,0.3675740957260132,0.008747238665819168,0.9989323019981384,0.5565611124038696,0.37201833724975586,0.19368258118629456,0.9971970319747925,0.5357249975204468,0.3578607141971588,0.07774381339550018,0.9988960027694702,0.5536260008811951,0.3925507664680481,0.05278918147087097,0.9970593452453613,0.5472525954246521,0.38835668563842773,0.01847940683364868,0.9987241625785828,0.525788426399231,0.4098394513130188,0.17698216438293457,0.9942824840545654,0.4068332612514496,0.3684215545654297,0.054496798664331436,0.9998214840888977,0.4293435513973236,0.41892319917678833,0.019491076469421387,0.7319438457489014,0.31112730503082275,0.35852646827697754,0.0016092509031295776,0.9685038328170776,0.3532642424106598,0.35509681701660156,-0.264656126499176,0.8817476034164429,0.264864444732666,0.2982357144355774,-0.05508079007267952,0.9667273163795471,0.32592275738716125,0.3414660692214966,-0.3229222595691681,0.890301525592804,0.2417946755886078,0.27161574363708496,-0.09395754337310791,0.9523985385894775,0.33014288544654846,0.3336625397205353,-0.32104694843292236,0.8873563408851624,0.25410234928131104,0.2716650366783142,-0.120746910572052,0.9554061889648438,0.33724597096443176,0.33854207396507263,-0.27194857597351074,0.8477922677993774,0.25964629650115967,0.2797771394252777,-0.07059108465909958,0.9473761916160583,0.3959445357322693,0.5198693871498108,0.1398882418870926,0.9979645013809204,0.3105693757534027,0.5109316110610962,-0.1401197761297226,0.9996151924133301,0.4543626010417938,0.6192612648010254,0.07562591135501862,0.6613998413085938,0.36097756028175354,0.6246230006217957,-0.32008713483810425,0.9926655888557434,0.4078575372695923,0.7232699990272522,0.13051877915859222,0.7433944344520569,0.3929141163825989,0.7426270246505737,-0.3206256628036499,0.9951397180557251,0.39300572872161865,0.7377908825874329,0.12826421856880188,0.806693971157074,0.3828188180923462,0.7647582292556763,-0.328906774520874,0.9873529672622681,0.488110214471817,0.7523086071014404,0.006460793316364288,0.7894626259803772,0.47460776567459106,0.764384388923645,-0.5122644305229187,0.9861774444580078
rt,0.5638742446899414,0.3869445323944092,0.024192655459046364,0.9983953833580017,0.5700932145118713,0.37666815519332886,0.0628141239285469,0.9991589784622192,0.5710166692733765,0.37673863768577576,0.062639981508255,0.9989558458328247,0.5715383291244507,0.3766781985759735,0.06260732561349869,0.9989216327667236,0.5635001063346863,0.3727610111236572,0.038539640605449677,0.9993876218795776,0.5602232217788696,0.3702695965766907,0.038345951586961746,0.9991707801818848,0.555036187171936,0.36680471897125244,0.03821982443332672,0.9994126558303833,0.5561838746070862,0.3733897805213928,0.2350359857082367,0.9983075857162476,0.5355092287063599,0.36171954870224,0.12650036811828613,0.9993773102760315,0.5544271469116211,0.3940463364124298,0.08772177249193192,0.9973382353782654,0.5462890267372131,0.39020806550979614,0.0557648241519928,0.998820960521698,0.526564359664917,0.4098111093044281,0.22996322810649872,0.9968206882476807,0.40950411558151245,0.3738758862018585,0.10934803634881973,0.9998714923858643,0.4429178237915039,0.41778290271759033,0.03436226025223732,0.7424140572547913,0.31549072265625,0.4093237519264221,-0.016496840864419937,0.9473527669906616,0.3595569431781769,0.34922972321510315,-0.2659999132156372,0.8937655091285706,0.33781304955482483,0.3406028747558594,-0.1836835741996765,0.9667198657989502,0.32936856150627136,0.3339947462081909,-0.3245203495025635,0.9011843800544739,0.3223462998867035,0.3201458752155304,-0.23224452137947083,0.9562432765960693,0.3346801996231079,0.32637983560562134,-0.31517651677131653,0.8963649272918701,0.32448363304138184,0.3146226406097412,-0.2380240112543106,0.9560261964797974,0.34557822346687317,0.3331909775733948,-0.2695666551589966,0.8483657240867615,0.32939252257347107,0.3221626281738281,-0.1907566636800766,0.9443656206130981,0.39395153522491455,0.5193021297454834,0.1443459391593933,0.9989452958106995,0.31300923228263855,0.5094449520111084,-0.1446407437324524,0.9997588992118835,0.45122602581977844,0.6178794503211975,0.05061168596148491,0.7620318531990051,0.36122891306877136,0.625691831111908,-0.2761134207248688,0.9951282739639282,0.4069778621196747,0.7239577770233154,0.09377258270978928,0.8559161424636841,0.39304107427597046,0.7430427074432373,-0.25661328434944153,0.9973982572555542,0.3922814130783081,0.7389371395111084,0.0901126116514206,0.8792968392372131,0.3835522532463074,0.7655202746391296,-0.2631339430809021,0.9917879700660706,0.4875202775001526,0.7508864402770996,-0.037957001477479935,0.8745880722999573,0.4755251705646515,0.7627759575843811,-0.44229498505592346,0.9912512898445129
rt,0.5495247840881348,0.36906445026397705,0.0026630910579115152,0.9984276294708252,0.5615847110748291,0.3623734712600708,0.04073670879006386,0.9990634322166443,0.564808189868927,0.363886296749115,0.040543533861637115,0.9989750385284424,0.5675668120384216,0.3649434447288513,0.04051266983151436,0.999032735824585,0.5506657361984253,0.35549718141555786,0.03259583190083504,0.9992215633392334,0.5470269322395325,0.3528438210487366,0.032406244426965714,0.9989299178123474,0.5420392155647278,0.3492920994758606,0.03228624165058136,0.9992361068725586,0.5586093664169312,0.3657580018043518,0.20918720960617065,0.9979287385940552,0.5271022915840149,0.347812294960022,0.17324034869670868,0.9987655878067017,0.5452346205711365,0.3784328103065491,0.06368734687566757,0.99665367603302,0.5306864380836487,0.37044745683670044,0.0526694729924202,0.9981945157051086,0.5344007015228271,0.4067976772785187,0.1852078139781952,0.9980328679084778,0.40568453073501587,0.36784547567367554,0.18183250725269318,0.9998090863227844,0.4485345184803009,0.39753612875938416,-0.061709173023700714,0.9016079306602478,0.3150804340839386,0.40899890661239624,0.062495362013578415,0.9303590059280396,0.3653189241886139,0.33741360902786255,-0.3438742756843567,0.9600768089294434,0.3460792899131775,0.3406408429145813,-0.15546946227550507,0.9603318572044373,0.34023281931877136,0.32072052359580994,-0.4041406214237213,0.947327196598053,0.3353828489780426,0.3179056942462921,-0.2071770280599594,0.9468309879302979,0.34359773993492126,0.31109750270843506,-0.38943958282470703,0.9426724314689636,0.33695095777511597,0.31001099944114685,-0.20900453627109528,0.9459559917449951,0.3523610234260559,0.31698542833328247,-0.3434062600135803,0.9097590446472168,0.3435348868370056,0.31929177045822144,-0.16334335505962372,0.9337067008018494,0.39741700887680054,0.5197195410728455,0.13291342556476593,0.9991374015808105,0.3109258711338043,0.5091817378997803,-0.13327772915363312,0.9997578263282776,0.45266762375831604,0.6202423572540283,0.005093240179121494,0.7094128131866455,0.3603261709213257,0.6268597841262817,-0.2915876805782318,0.9926186203956604,0.4086442291736603,0.72672438621521,0.035077981650829315,0.79216468334198,0.3952302932739258,0.7462556958198547,-0.30179139971733093,0.9926390647888184,0.39067018032073975,0.7474516034126282,0.029855575412511826,0.8151744604110718,0.3845174312591553,0.7679367065429688,-0.3126400113105774,0.976337730884552,0.49303722381591797,0.7517001628875732,-0.11209313571453094,0.8328567147254944,0.47857651114463806,0.7627837657928467,-0.4996799826622009,0.9820516705513
rt,0.539111316204071,0.3491363525390625,0.02976294234395027,0.9981117248535156,0.5624918341636658,0.35516488552093506,0.06529432535171509,0.998608410358429,0.5675341486930847,0.3582671880722046,0.06508377194404602,0.9987092018127441,0.5704986453056335,0.35995379090309143,0.06502537429332733,0.9988483190536499,0.5500489473342896,0.34682565927505493,0.06855589151382446,0.9986584186553955,0.5466680526733398,0.344575971364975,0.0683596208691597,0.9982158541679382,0.5432358980178833,0.3423391580581665,0.06815756112337112,0.9986556768417358,0.5620796084403992,0.3639262616634369,0.2101438343524933,0.9972087740898132,0.530771791934967,0.34333956241607666,0.22676785290241241,0.9969273209571838,0.5422502160072327,0.36784422397613525,0.0806298777461052,0.9941937327384949,0.5254706144332886,0.3574587404727936,0.0844695195555687,0.9960048794746399,0.5374190807342529,0.4053691327571869,0.1621360182762146,0.9970871806144714,0.4181783199310303,0.36851224303245544,0.23522929847240448,0.9995403289794922,0.447232186794281,0.39100998640060425,-0.07267017662525177,0.9423552751541138,0.32919323444366455,0.3967881500720978,0.0952024832367897,0.8654555678367615,0.3562573492527008,0.32899904251098633,-0.2754684090614319,0.9676276445388794,0.36714524030685425,0.32607460021972656,-0.1527422070503235,0.9297778010368347,0.3414647579193115,0.31495198607444763,-0.32601726055145264,0.9479549527168274,0.37031230330467224,0.3045620918273926,-0.20666097104549408,0.9069849848747253,0.3516300618648529,0.3096933364868164,-0.3107215166091919,0.9429924488067627,0.38044118881225586,0.30208641290664673,-0.1994907259941101,0.9014118313789368,0.3565704822540283,0.31459295749664307,-0.271512508392334,0.909623384475708,0.3874676525592804,0.3051312565803528,-0.15955492854118347,0.8834623694419861,0.3940226435661316,0.5176196098327637,0.11330197006464005,0.9982181191444397,0.3086153566837311,0.5088451504707336,-0.11372343450784683,0.9995830655097961,0.44904187321662903,0.6192677021026611,0.014715095050632954,0.670548677444458,0.36381199955940247,0.6245049834251404,-0.2571173906326294,0.9883910417556763,0.4129425883293152,0.7265421152114868,0.05913861095905304,0.7590122818946838,0.39233487844467163,0.7458580136299133,-0.2310190051794052,0.985948920249939,0.39488792419433594,0.7461796998977661,0.05541572347283363,0.7615334987640381,0.3823191821575165,0.7651863098144531,-0.2392229586839676,0.9597015380859375,0.49522584676742554,0.7536976337432861,-0.08942152559757233,0.8127011060714722,0.47870561480522156,0.7644554376602173,-0.42422401905059814,0.971379816532135
rt,0.5682093501091003,0.37567389011383057,0.027905026450753212,0.9986403584480286,0.576061487197876,0.36717861890792847,0.06385023146867752,0.9991587400436401,0.5781866312026978,0.3681319057941437,0.06366703659296036,0.9991470575332642,0.5796356201171875,0.3686251640319824,0.06362646818161011,0.9991683959960938,0.5665842294692993,0.361767441034317,0.05512778460979462,0.9992221593856812,0.5625101923942566,0.3593471646308899,0.05491427332162857,0.9989749193191528,0.5554203391075134,0.3553454279899597,0.05475476756691933,0.999254047870636,0.5684963464736938,0.36756664514541626,0.22331616282463074,0.9983919262886047,0.5351144671440125,0.35155189037323,0.18430304527282715,0.9988964796066284,0.559476375579834,0.38336181640625,0.0866832286119461,0.9965521097183228,0.5481141209602356,0.3766908049583435,0.07458793371915817,0.9980539083480835,0.5356992483139038,0.4074392318725586,0.1957174390554428,0.9984428286552429,0.42135077714920044,0.36970341205596924,0.1889568418264389,0.9997888207435608,0.4526962339878082,0.3988226056098938,0.003076980821788311,0.8558604121208191,0.3390607237815857,0.39201730489730835,0.07930033653974533,0.8507086038589478,0.36958834528923035,0.3263794183731079,-0.20121930539608002,0.9274622797966003,0.377544105052948,0.3284851908683777,-0.0888216495513916,0.8672800064086914,0.35234561562538147,0.3160112500190735,-0.24950997531414032,0.9070606231689453,0.3799653649330139,0.3161088228225708,-0.13039909303188324,0.8357653021812439,0.35996776819229126,0.31175583600997925,-0.23764631152153015,0.9012126326560974,0.3854275941848755,0.313897043466568,-0.1292215883731842,0.8301225900650024,0.3672912120819092,0.31649649143218994,-0.20046024024486542,0.852173388004303,0.3844398260116577,0.3171777129173279,-0.09463228285312653,0.8121938109397888,0.397013783454895,0.5172885656356812,0.12480125576257706,0.9989921450614929,0.3121470510959625,0.5079544186592102,-0.12517395615577698,0.9997257590293884,0.44747933745384216,0.6171011328697205,9.705295087769628e-05,0.686956524848938,0.36690014600753784,0.6219937801361084,-0.28176215291023254,0.9914822578430176,0.4104633629322052,0.726186990737915,0.010337731800973415,0.800271213054657,0.3955303132534027,0.7430058717727661,-0.2824566960334778,0.9908893704414368,0.39308270812034607,0.7458903789520264,0.003865244099870324,0.8099312782287598,0.38423994183540344,0.7639798521995544,-0.2919670045375824,0.9735037684440613,0.49604231119155884,0.7514938712120056,-0.1369926929473877,0.8411756157875061,0.48124444484710693,0.7623547911643982,-0.4743254482746124,0.979115903377533
rt,0.574351966381073,0.37862104177474976,0.005484541412442923,0.9970445036888123,0.5805608034133911,0.3706362843513489,0.04110785573720932,0.9976678490638733,0.5813339352607727,0.37080657482147217,0.04093696177005768,0.997671902179718,0.5818667411804199,0.371914267539978,0.0409376434981823,0.997601330280304,0.5735154747962952,0.36586418747901917,0.030943628400564194,0.9981638789176941,0.5702760219573975,0.36338311433792114,0.030748777091503143,0.9976158142089844,0.549475908279419,0.35143807530403137,0.030560391023755074,0.9981789588928223,0.5674521327018738,0.36902758479118347,0.1947299838066101,0.9951037168502808,0.5430586934089661,0.3548756241798401,0.14888092875480652,0.9967982172966003,0.5635973215103149,0.38507217168807983,0.06103771552443504,0.9920337796211243,0.5538054704666138,0.3803618848323822,0.04696829989552498,0.9959726929664612,0.5375757813453674,0.4062212109565735,0.1684725284576416,0.9970605969429016,0.4145015776157379,0.36769014596939087,0.15371356904506683,0.9997603297233582,0.4570629596710205,0.39847108721733093,-0.04103345051407814,0.8914365768432617,0.3151317238807678,0.40187862515449524,0.0089891841635108,0.894052267074585,0.38147059082984924,0.33082115650177,-0.2889868915081024,0.9515367150306702,0.35978981852531433,0.33831942081451416,-0.22375978529453278,0.9389329552650452,0.36247193813323975,0.3186454772949219,-0.34428492188453674,0.9364216923713684,0.3541305363178253,0.32416385412216187,-0.27446073293685913,0.9172687530517578,0.3674883246421814,0.3148331940174103,-0.330122709274292,0.9308682084083557,0.3571741580963135,0.3202786445617676,-0.27631106972694397,0.9146553874015808,0.37516647577285767,0.31965407729148865,-0.2879779040813446,0.8937380313873291,0.36153140664100647,0.32497638463974,-0.2320982813835144,0.8988288640975952,0.3977554142475128,0.5166044235229492,0.12521810829639435,0.9984303116798401,0.3130094110965729,0.5077337026596069,-0.1255403459072113,0.999669075012207,0.4505957067012787,0.6171356439590454,0.023956038057804108,0.7435083389282227,0.3685857951641083,0.6240522265434265,-0.2758195102214813,0.9873994588851929,0.4103054106235504,0.7231677174568176,0.0637739971280098,0.8244197964668274,0.39238086342811584,0.7417913675308228,-0.24957913160324097,0.9913883805274963,0.395023912191391,0.7393120527267456,0.0592409111559391,0.8215979337692261,0.3822992444038391,0.7624186277389526,-0.2563825845718384,0.9741244316101074,0.48597270250320435,0.7509660124778748,-0.08154512196779251,0.8659731149673462,0.4714902639389038,0.7635416388511658,-0.44112154841423035,0.9824774861335754
rt,0.5729820728302002,0.37633758783340454,0.03791743516921997,0.9992259740829468,0.5798095464706421,0.3697623014450073,0.0708962082862854,0.9994457364082336,0.5816823244094849,0.3707718253135681,0.07073069363832474,0.9994091987609863,0.5827866792678833,0.3710192143917084,0.07072196155786514,0.999450147151947,0.5732421875,0.3630187213420868,0.06293296813964844,0.999517560005188,0.5706561803817749,0.3607531487941742,0.06271792203187943,0.9993488192558289,0.5482832193374634,0.3484777808189392,0.06251949071884155,0.9995586276054382,0.571717381477356,0.3700636029243469,0.21598218381404877,0.998608410358429,0.5458649396896362,0.3527538776397705,0.18033437430858612,0.999118983745575,0.5639722347259521,0.3861400783061981,0.09089884907007217,0.9977273344993591,0.555076003074646,0.37901943922042847,0.07958287745714188,0.9988059997558594,0.5350618958473206,0.4094288945198059,0.19498859345912933,0.9975256323814392,0.42720621824264526,0.3701329231262207,0.16516220569610596,0.9998558759689331,0.4470410645008087,0.4060074985027313,-0.011814848519861698,0.8303166031837463,0.3330095410346985,0.4001868665218353,0.010119976475834846,0.8890149593353271,0.388794481754303,0.3342142701148987,-0.2510388493537903,0.9009373784065247,0.37460827827453613,0.3386712968349457,-0.21458566188812256,0.8858902454376221,0.3727705478668213,0.31993865966796875,-0.29985082149505615,0.8834465146064758,0.37390899658203125,0.3226127624511719,-0.262423038482666,0.8587292432785034,0.3809681534767151,0.3162892162799835,-0.2862682342529297,0.875679612159729,0.380544513463974,0.31983351707458496,-0.2615584135055542,0.8527922630310059,0.3874579071998596,0.32274842262268066,-0.25014907121658325,0.8176096677780151,0.38057219982147217,0.3261410593986511,-0.22149613499641418,0.83680659532547,0.392209529876709,0.517055332660675,0.1299760788679123,0.9986854195594788,0.3163784146308899,0.5087735652923584,-0.1304096281528473,0.9997493624687195,0.4411187469959259,0.6176391839981079,0.05060063302516937,0.6365709900856018,0.38420912623405457,0.6260082721710205,-0.265672892332077,0.9929999113082886,0.41125786304473877,0.727642834186554,0.07933761179447174,0.7903669476509094,0.39692413806915283,0.743632972240448,-0.2671588659286499,0.9938191771507263,0.3927532136440277,0.7450610399246216,0.07399612665176392,0.7873295545578003,0.38213247060775757,0.7640970349311829,-0.2761707901954651,0.9812508821487427,0.49174249172210693,0.75251704454422,-0.058947935700416565,0.8348002433776855,0.482339471578598,0.7630022764205933,-0.4505043625831604,0.9854576587677002
rt,0.5757142901420593,0.37639960646629333,-0.027416223660111427,0.9994089603424072,0.5824580192565918,0.3711121678352356,0.009918326511979103,0.9993571639060974,0.5827527046203613,0.3710971474647522,0.009783413261175156,0.9993263483047485,0.5828834772109985,0.37080883979797363,0.009834297932684422,0.9992313385009766,0.5771222114562988,0.3656306564807892,-0.011176757514476776,0.9995463490486145,0.5615726709365845,0.35500672459602356,-0.011342556215822697,0.9994957447052002,0.5576642751693726,0.35237887501716614,-0.011512906290590763,0.999584972858429,0.5654516220092773,0.3680225908756256,0.17178231477737427,0.9983768463134766,0.5353061556816101,0.34841176867485046,0.07290451973676682,0.9992501139640808,0.5614008903503418,0.38119879364967346,0.03164895251393318,0.997503936290741,0.5379154682159424,0.36759018898010254,0.002061575883999467,0.9991607666015625,0.5270858407020569,0.40077078342437744,0.16433435678482056,0.9971638321876526,0.40494051575660706,0.3650357127189636,0.05974429473280907,0.9998857975006104,0.46017974615097046,0.41088515520095825,-0.021209020167589188,0.8557204008102417,0.3221605122089386,0.40482935309410095,-0.15765884518623352,0.9666116833686829,0.4012741148471832,0.34507787227630615,-0.2521071135997772,0.9071563482284546,0.37923455238342285,0.3418285846710205,-0.37318095564842224,0.9534152746200562,0.38494300842285156,0.33048564195632935,-0.30344343185424805,0.8764907121658325,0.39342159032821655,0.33014750480651855,-0.4225767254829407,0.9208239912986755,0.39109691977500916,0.3267822861671448,-0.2830858528614044,0.8668913841247559,0.39703208208084106,0.32107657194137573,-0.4171672463417053,0.9158453941345215,0.3956465423107147,0.33232444524765015,-0.2492489069700241,0.82264643907547,0.3900439441204071,0.3353090286254883,-0.37655147910118103,0.8967905044555664,0.3917258083820343,0.5162314772605896,0.13319608569145203,0.9990739822387695,0.31706786155700684,0.5109855532646179,-0.13333912193775177,0.9998681545257568,0.4431972801685333,0.6143669486045837,0.06316619366407394,0.679386556148529,0.39231300354003906,0.6179226636886597,-0.3476281464099884,0.9903664588928223,0.40726152062416077,0.7205252647399902,0.09599807113409042,0.7500370144844055,0.39420732855796814,0.7387300133705139,-0.38095545768737793,0.9921506643295288,0.386804461479187,0.7362792491912842,0.0907377228140831,0.7759321331977844,0.37760668992996216,0.7581725716590881,-0.3940930664539337,0.9783450365066528,0.4853813648223877,0.7478083968162537,-0.038524482399225235,0.8483759164810181,0.4781768321990967,0.7630206942558289,-0.5806361436843872,0.9868358373641968
rt,0.5414292216300964,0.358967661857605,-0.038879524916410446,0.998941957950592,0.5429889559745789,0.34767961502075195,-0.01603684388101101,0.9986659288406372,0.5585201978683472,0.3613159656524658,-0.01617007702589035,0.9986730813980103,0.5591975450515747,0.36076951026916504,-0.016146136447787285,0.9986348748207092,0.5366212725639343,0.3468828797340393,-0.062069833278656006,0.9987598657608032,0.532033383846283,0.3456815481185913,-0.06215561181306839,0.9986823201179504,0.5275183320045471,0.3445117175579071,-0.06229342520236969,0.9987882971763611,0.5433810949325562,0.3538132309913635,0.10857440531253815,0.9970998764038086,0.5006480813026428,0.3403886556625366,-0.09644174575805664,0.998532772064209,0.5377243161201477,0.3745402693748474,0.013164129108190536,0.9975427389144897,0.5198414325714111,0.36441028118133545,-0.04693245887756348,0.998678982257843,0.47874581813812256,0.3826137185096741,0.20461711287498474,0.9978594183921814,0.4130983352661133,0.3633936643600464,-0.1619352400302887,0.999809205532074,0.43950244784355164,0.4226200580596924,0.05386125296354294,0.47736063599586487,0.34773731231689453,0.4234924018383026,-0.21749280393123627,0.9696528315544128,0.409048855304718,0.35866591334342957,-0.26171526312828064,0.6292697787284851,0.4444800019264221,0.3676645755767822,-0.11019771546125412,0.8990780115127563,0.3962211608886719,0.3424818515777588,-0.3166610300540924,0.6176945567131042,0.46590206027030945,0.35539817810058594,-0.12365714460611343,0.8690306544303894,0.406707763671875,0.3333694338798523,-0.2897057831287384,0.6065434813499451,0.462173730134964,0.34454476833343506,-0.13333186507225037,0.8587404489517212,0.4093969762325287,0.3377051055431366,-0.26255691051483154,0.5603668689727783,0.45436134934425354,0.34925657510757446,-0.10739616304636002,0.8170357346534729,0.3787621259689331,0.5125371217727661,0.1640852987766266,0.9982205033302307,0.33114585280418396,0.5108492970466614,-0.16393519937992096,0.9995057582855225,0.421980619430542,0.6121453046798706,0.21743665635585785,0.49100905656814575,0.4049648344516754,0.6177500486373901,-0.23964723944664001,0.9910900592803955,0.40332502126693726,0.719554603099823,0.3285151422023773,0.7022761106491089,0.39771926403045654,0.73807692527771,-0.28490081429481506,0.986084520816803,0.3850729465484619,0.7368223667144775,0.33027520775794983,0.6824546456336975,0.37694770097732544,0.7601221799850464,-0.2981013357639313,0.9608251452445984,0.4836183786392212,0.7404609322547913,0.23725956678390503,0.8080002069473267,0.4886263608932495,0.7583117485046387,-0.4362052083015442,0.9802268743515015
rf,0.5649828314781189,0.3954176604747772,-0.014666314236819744,0.9959970712661743,0.57364422082901,0.3844723701477051,0.0011375175090506673,0.9961657524108887,0.5726128220558167,0.382847398519516,0.0010186798172071576,0.9959279894828796,0.5716450214385986,0.3810330033302307,0.0009532486437819898,0.9966611862182617,0.5746591687202454,0.38501811027526855,-0.05745212361216545,0.9967221617698669,0.5742836594581604,0.3841140866279602,-0.05761847645044327,0.9963811039924622,0.5739306211471558,0.3831688165664673,-0.05780045688152313,0.9972794651985168,0.555143415927887,0.36986249685287476,0.07670734822750092,0.9900436401367188,0.558448314666748,0.3733324408531189,-0.18551380932331085,0.9965167045593262,0.5496115684509277,0.3955472707748413,0.020314017310738564,0.9939190149307251,0.5493291616439819,0.39616551995277405,-0.0565408319234848,0.9962983727455139,0.4637705981731415,0.38042160868644714,0.2303100824356079,0.9970641732215881,0.48097294569015503,0.3967002034187317,-0.32715749740600586,0.9999300241470337,0.4231625199317932,0.4523649215698242,0.2817660868167877,0.026257405057549477,0.480758935213089,0.4698326289653778,-0.3352157473564148,0.9625270366668701,0.4401128888130188,0.5046757459640503,0.19004319608211517,0.029214419424533844,0.5143753290176392,0.5382516980171204,-0.1377081274986267,0.790473461151123,0.4424619674682617,0.5202808380126953,0.19530455768108368,0.03745785355567932,0.5211790800094604,0.5497198104858398,-0.15372586250305176,0.7648343443870544,0.45131024718284607,0.5195068717002869,0.1587287187576294,0.04014955461025238,0.5227911472320557,0.5481166839599609,-0.13507069647312164,0.7620583772659302,0.4500851035118103,0.5144680738449097,0.16865135729312897,0.04479718953371048,0.5211406350135803,0.5418604612350464,-0.12281829118728638,0.6865020990371704,0.3409081697463989,0.5150888562202454,0.18801568448543549,0.9968888163566589,0.35623079538345337,0.5158310532569885,-0.18776482343673706,0.9990178346633911,0.38012823462486267,0.6152802109718323,0.3219645619392395,0.29327940940856934,0.44074007868766785,0.6115905046463013,-0.1237882673740387,0.9933545589447021,0.39407727122306824,0.7188223600387573,0.4854946434497833,0.6019160747528076,0.41268134117126465,0.7275203466415405,-0.04803645610809326,0.9906168580055237,0.3741878271102905,0.7403509616851807,0.4933762848377228,0.5541431307792664,0.3910329341888428,0.7459666132926941,-0.048243820667266846,0.9715651273727417,0.46569135785102844,0.741866946220398,0.42239969968795776,0.7683690190315247,0.48813676834106445,0.7528605461120605,-0.15718823671340942,0.9870802760124207
rf,0.5623654127120972,0.3967251181602478,0.11379324644804001,0.9972299933433533,0.5698791742324829,0.38701650500297546,0.11599062383174896,0.9963586926460266,0.5686433911323547,0.38533729314804077,0.11592655628919601,0.9965088963508606,0.5673949718475342,0.38344982266426086,0.11587300896644592,0.9970245957374573,0.5722429752349854,0.3885875940322876,0.05791429057717323,0.9975960850715637,0.5727328658103943,0.3882453441619873,0.05777829885482788,0.9979487061500549,0.5732935667037964,0.387868195772171,0.05757715553045273,0.9984228610992432,0.552909255027771,0.3721475899219513,0.1353144496679306,0.9924607872962952,0.5623041391372681,0.38023659586906433,-0.12449543923139572,0.9974614381790161,0.5474271774291992,0.3962533175945282,0.13008122146129608,0.9947625994682312,0.54908287525177,0.3978413939476013,0.05329883098602295,0.9968959093093872,0.4455341398715973,0.37130409479141235,0.28050553798675537,0.9983737468719482,0.4994412064552307,0.4023627042770386,-0.28844666481018066,0.99997878074646,0.4188969135284424,0.4096226394176483,0.5358195304870605,0.028874825686216354,0.48252764344215393,0.4651569128036499,-0.25473108887672424,0.9542531967163086,0.454415887594223,0.4302038848400116,0.7208903431892395,0.02262730710208416,0.5235496759414673,0.5173001885414124,-0.014282725751399994,0.7562080025672913,0.4565531313419342,0.43708711862564087,0.7657895684242249,0.02813468873500824,0.5315396785736084,0.5305324792861938,-0.013807673938572407,0.7426009774208069,0.46590447425842285,0.43417102098464966,0.7358057498931885,0.02932189404964447,0.5328754782676697,0.5279577970504761,-0.007334261666983366,0.7401773929595947,0.46888625621795654,0.4331265985965729,0.7108444571495056,0.031907543540000916,0.5247035026550293,0.5227392911911011,-0.0006415787502191961,0.6388739347457886,0.3315390348434448,0.5115888118743896,0.19781649112701416,0.9991952776908875,0.37208062410354614,0.515038251876831,-0.19790230691432953,0.9998069405555725,0.37087342143058777,0.6154419183731079,0.3863985240459442,0.5274776816368103,0.44736170768737793,0.6122341156005859,-0.11288148164749146,0.9972424507141113,0.3891843855381012,0.7200038433074951,0.5842395424842834,0.702154278755188,0.41449999809265137,0.7299675941467285,-0.06470338255167007,0.994400680065155,0.37025222182273865,0.7404507398605347,0.5986487865447998,0.7405399680137634,0.3917154371738434,0.7461361885070801,-0.06288701295852661,0.9860358238220215,0.455713152885437,0.7342327237129211,0.5543020367622375,0.6934448480606079,0.49122846126556396,0.7514373064041138,-0.13985837996006012,0.984899640083313
rf,0.5469959378242493,0.3940257728099823,0.18453474342823029,0.9986187219619751,0.5537365674972534,0.3841642737388611,0.17802788317203522,0.9982790946960449,0.5493341088294983,0.3789931535720825,0.17803184688091278,0.9980801343917847,0.5459082126617432,0.37762176990509033,0.17802627384662628,0.9983854293823242,0.55870121717453,0.38657212257385254,0.12797729671001434,0.998836100101471,0.5595569610595703,0.38631218671798706,0.1278548389673233,0.9989062547683716,0.5600632429122925,0.3858378231525421,0.12766161561012268,0.9991496801376343,0.5216779708862305,0.369861900806427,0.16597217321395874,0.9963397979736328,0.5388078689575195,0.3750571608543396,-0.05900992453098297,0.9985243678092957,0.5339033603668213,0.3926750123500824,0.1900465190410614,0.9973928928375244,0.5374603271484375,0.3931443989276886,0.12323778867721558,0.9980277419090271,0.4275190234184265,0.3776509761810303,0.28262045979499817,0.9984879493713379,0.49601471424102783,0.4017210602760315,-0.21708911657333374,0.9999414682388306,0.4414151906967163,0.40360796451568604,0.5621579885482788,0.0555700957775116,0.48857367038726807,0.46906614303588867,-0.09327670931816101,0.8034646511077881,0.5105037093162537,0.4059910774230957,0.7751533389091492,0.06494030356407166,0.5202744603157043,0.47018206119537354,0.3088586628437042,0.36623141169548035,0.521980881690979,0.4065721333026886,0.8258523941040039,0.08210378885269165,0.5364949703216553,0.4738463759422302,0.3464512526988983,0.421401709318161,0.527441680431366,0.40281224250793457,0.8018236756324768,0.08239137381315231,0.5340514183044434,0.46620211005210876,0.3440393805503845,0.3997303545475006,0.5259475708007812,0.4043574929237366,0.7682968974113464,0.08705519139766693,0.5250628590583801,0.46437394618988037,0.3236784040927887,0.34986355900764465,0.32586681842803955,0.5168559551239014,0.18924850225448608,0.9996575117111206,0.3803652226924896,0.5205732583999634,-0.18970206379890442,0.9998582601547241,0.3735537827014923,0.6147443056106567,0.27672749757766724,0.6495558619499207,0.4466005563735962,0.6143345832824707,-0.1102433055639267,0.9976364374160767,0.39170193672180176,0.7211876511573792,0.3779362738132477,0.7823140621185303,0.41121339797973633,0.7269615530967712,-0.09868254512548447,0.9951240420341492,0.37335404753685,0.7406158447265625,0.38527488708496094,0.8494530320167542,0.391435831785202,0.7442458868026733,-0.0975564569234848,0.9878949522972107,0.4510822892189026,0.7343018054962158,0.3503826856613159,0.661003828048706,0.4885905086994171,0.7506994605064392,-0.15449769794940948,0.9762226343154907
rf,0.5654107928276062,0.3995985984802246,0.13481684029102325,0.996988832950592,0.5742020606994629,0.3907405138015747,0.1323883831501007,0.9966840147972107,0.5718562602996826,0.3879682123661041,0.13232435286045074,0.9965091347694397,0.5702788829803467,0.38532987236976624,0.13231974840164185,0.9972413778305054,0.5764871835708618,0.39227810502052307,0.08323496580123901,0.9974368214607239,0.5766729712486267,0.39153653383255005,0.083121158182621,0.997533917427063,0.5767496824264526,0.3906570076942444,0.08301250636577606,0.9979435801506042,0.556369423866272,0.3722914755344391,0.1447240114212036,0.9934303164482117,0.5636924505233765,0.3794025778770447,-0.07914438098669052,0.9958480596542358,0.5497645139694214,0.39563268423080444,0.14989928901195526,0.9926469326019287,0.5510498285293579,0.39709150791168213,0.08356878906488419,0.9941674470901489,0.45290595293045044,0.37165892124176025,0.24329636991024017,0.9972968697547913,0.5026803612709045,0.39911726117134094,-0.19083160161972046,0.9997004270553589,0.46630144119262695,0.3869316577911377,0.5041239261627197,0.06064056232571602,0.4885460138320923,0.4494754374027252,-0.09743812680244446,0.4536079466342926,0.5304019451141357,0.3821192979812622,0.7055279612541199,0.06186261400580406,0.5073624849319458,0.42033490538597107,0.2623743414878845,0.15246900916099548,0.544349193572998,0.3802555203437805,0.7480605840682983,0.08730270713567734,0.5181413888931274,0.4156576097011566,0.2951100170612335,0.20799098908901215,0.5467374920845032,0.378475159406662,0.7234811782836914,0.08958746492862701,0.5095229744911194,0.40842488408088684,0.28960707783699036,0.19854290783405304,0.543304979801178,0.3806058466434479,0.6979030966758728,0.09517845511436462,0.5024540424346924,0.4097050726413727,0.27455243468284607,0.18536454439163208,0.3305054008960724,0.512683093547821,0.1767398566007614,0.999607503414154,0.37285423278808594,0.5170832276344299,-0.17695552110671997,0.9998372793197632,0.36465588212013245,0.614151656627655,0.28124257922172546,0.5601529479026794,0.4542047083377838,0.6126798987388611,-0.10869019478559494,0.997134804725647,0.3875841498374939,0.7198302745819092,0.3746147155761719,0.7126610279083252,0.4165976643562317,0.7277326583862305,-0.10012433677911758,0.9949263334274292,0.3680818974971771,0.7405107021331787,0.38022249937057495,0.7588682770729065,0.39339566230773926,0.7444798350334167,-0.09955480694770813,0.9876722097396851,0.4471369683742523,0.7347897887229919,0.3435725271701813,0.5707977414131165,0.49255064129829407,0.7510654926300049,-0.14830587804317474,0.9781344532966614
rf,0.5709744095802307,0.3823027014732361,0.21632573008537292,0.9995612502098083,0.5671176910400391,0.3741016983985901,0.19487649202346802,0.9997077584266663,0.5644713640213013,0.37125861644744873,0.1948326677083969,0.9997187256813049,0.5618325471878052,0.36825668811798096,0.19482287764549255,0.9997135996818542,0.5746222138404846,0.38096192479133606,0.16026407480239868,0.9997625946998596,0.5761771202087402,0.38247188925743103,0.16014578938484192,0.999817430973053,0.5776452422142029,0.38341760635375977,0.16003631055355072,0.9998249411582947,0.5456256866455078,0.3624669909477234,0.14205555617809296,0.9996311664581299,0.5666288137435913,0.3813839554786682,-0.016223659738898277,0.9997568726539612,0.5404270887374878,0.3771436810493469,0.2084798663854599,0.9989443421363831,0.5454689264297485,0.3850870728492737,0.16096849739551544,0.9988887906074524,0.43745696544647217,0.3635563850402832,0.24632501602172852,0.9980981945991516,0.5261818170547485,0.41348981857299805,-0.15664798021316528,0.9998308420181274,0.44701457023620605,0.3569226861000061,0.5604217648506165,0.10251148045063019,0.5002332925796509,0.4402208626270294,-0.17656394839286804,0.1938416063785553,0.48396316170692444,0.3443679213523865,0.8661683797836304,0.07186982780694962,0.502129852771759,0.40134280920028687,-0.05006782338023186,0.17649590969085693,0.4831656813621521,0.3389803171157837,0.9267960786819458,0.09458823502063751,0.5070042610168457,0.395015150308609,-0.04249707609415054,0.30757811665534973,0.48992881178855896,0.3403230309486389,0.9009674191474915,0.10453663021326065,0.49943438172340393,0.3873092234134674,-0.04230517894029617,0.30926600098609924,0.4929441213607788,0.34405517578125,0.8633460402488708,0.0997389629483223,0.4944233000278473,0.3895021378993988,-0.04086883366107941,0.27175819873809814,0.3179924786090851,0.5115872025489807,0.16696329414844513,0.9998983144760132,0.3815680742263794,0.5185763239860535,-0.16732551157474518,0.9999605417251587,0.35905349254608154,0.6182330250740051,0.22907423973083496,0.8271658420562744,0.4552627503871918,0.6145858764648438,-0.05541035160422325,0.9948192238807678,0.3855768144130707,0.7257781028747559,0.2768992483615875,0.8237062692642212,0.4182482659816742,0.7258263826370239,-0.006936340592801571,0.9942792654037476,0.3692043125629425,0.7455179691314697,0.28114137053489685,0.898697018623352,0.39817145466804504,0.7429376244544983,-0.0013705343008041382,0.9892917275428772,0.46219056844711304,0.7467811107635498,0.24029767513275146,0.5065065622329712,0.49520790576934814,0.7517411708831787,-0.05509950593113899,0.9573271870613098
rf,0.5538480877876282,0.37335920333862305,0.2581789493560791,0.9997385144233704,0.5628857612609863,0.3682628870010376,0.22285863757133484,0.9998387098312378,0.5606757998466492,0.3661227822303772,0.22282490134239197,0.999847412109375,0.5580366849899292,0.3636065721511841,0.22281862795352936,0.9998201727867126,0.569245457649231,0.37412601709365845,0.19829382002353668,0.9998594522476196,0.5708401203155518,0.3759042024612427,0.19816862046718597,0.9998877048492432,0.5725057125091553,0.37733227014541626,0.19806475937366486,0.999873161315918,0.546518862247467,0.3609071373939514,0.12380676716566086,0.9998058676719666,0.5659705400466919,0.3782426118850708,0.01003958098590374,0.9998530149459839,0.5393701195716858,0.3723177909851074,0.23552453517913818,0.9992408752441406,0.5458269715309143,0.37922829389572144,0.2007957249879837,0.9990290403366089,0.4395385980606079,0.36175256967544556,0.19944754242897034,0.9981695413589478,0.5333839654922485,0.41383975744247437,-0.1327451914548874,0.9995928406715393,0.4317653775215149,0.33930331468582153,0.5020143389701843,0.5832643508911133,0.5344996452331543,0.4395750164985657,-0.11832240968942642,0.16934502124786377,0.4684423804283142,0.308563768863678,0.8179055452346802,0.2785104811191559,0.5342538356781006,0.3940068483352661,0.044092968106269836,0.0907457023859024,0.46405166387557983,0.3003271222114563,0.8771176934242249,0.29974958300590515,0.5371974110603333,0.3880127966403961,0.054119061678647995,0.16990455985069275,0.4691140353679657,0.30256491899490356,0.8575146794319153,0.3166991174221039,0.5274868011474609,0.3777064085006714,0.05023021623492241,0.17366936802864075,0.4736916720867157,0.30760863423347473,0.8178508281707764,0.27988654375076294,0.5233892202377319,0.37929603457450867,0.0506315752863884,0.15681089460849762,0.3193611800670624,0.5088425874710083,0.16544263064861298,0.9999222755432129,0.3814363479614258,0.5183897614479065,-0.16592562198638916,0.9999628067016602,0.3566990792751312,0.6153231859207153,0.27834299206733704,0.9117321968078613,0.45274895429611206,0.6154226660728455,-0.05092468485236168,0.9981067180633545,0.3878123462200165,0.7217241525650024,0.3603805601596832,0.8949247002601624,0.41793376207351685,0.7232097387313843,0.011873791925609112,0.9966835379600525,0.36781322956085205,0.7442541122436523,0.37053945660591125,0.9513858556747437,0.39372125267982483,0.7423138618469238,0.020252346992492676,0.9951624274253845,0.4580513834953308,0.7463715672492981,0.33881083130836487,0.4668801724910736,0.4919939935207367,0.7516428232192993,-0.03247452527284622,0.9448208808898926
rf,0.5753394365310669,0.3917991816997528,0.3254864513874054,0.9998563528060913,0.5818580389022827,0.3824670910835266,0.28928759694099426,0.999885082244873,0.5782880783081055,0.37880241870880127,0.28931528329849243,0.9999029636383057,0.5743154883384705,0.3745690584182739,0.2893710136413574,0.9998849630355835,0.5900682210922241,0.3892177939414978,0.2684619128704071,0.999882698059082,0.591569721698761,0.3902786374092102,0.2683890163898468,0.9999009370803833,0.592918336391449,0.3908707797527313,0.26831820607185364,0.9998906850814819,0.5613409876823425,0.36790961027145386,0.17439673840999603,0.9998737573623657,0.5800470113754272,0.3875617980957031,0.07671993970870972,0.9998692274093628,0.5552659630775452,0.3871033191680908,0.2968617081642151,0.9996137022972107,0.5619460940361023,0.3963594138622284,0.2665919363498688,0.9996446371078491,0.4414122402667999,0.36222022771835327,0.19242773950099945,0.9996354579925537,0.5328987836837769,0.41805312037467957,-0.06052849441766739,0.9999133348464966,0.40687960386276245,0.34521710872650146,0.4588429033756256,0.5994589924812317,0.4639313220977783,0.4458358585834503,-0.05016538128256798,0.11521478742361069,0.47684186697006226,0.3528401851654053,0.7722489237785339,0.09187179058790207,0.4300353527069092,0.4273560047149658,0.054764896631240845,0.046882711350917816,0.49619585275650024,0.34798121452331543,0.8207620978355408,0.09664171189069748,0.4232521057128906,0.4291682839393616,0.0652238130569458,0.09410497546195984,0.5060403347015381,0.3522663116455078,0.7995308041572571,0.09762731939554214,0.41883760690689087,0.4212188720703125,0.055661194026470184,0.0964435487985611,0.5026650428771973,0.3554520010948181,0.7708479762077332,0.11624933779239655,0.4175478518009186,0.42004120349884033,0.058544810861349106,0.08380983024835587,0.3168019652366638,0.5124581456184387,0.1499079018831253,0.9999450445175171,0.3845992386341095,0.5207943320274353,-0.1502833068370819,0.9999828338623047,0.3537554144859314,0.6190726161003113,0.2808096706867218,0.9532831907272339,0.4539285898208618,0.6154082417488098,-0.0492980033159256,0.9993569254875183,0.3875542879104614,0.724591076374054,0.3800373375415802,0.9218167662620544,0.41300803422927856,0.7272660732269287,-0.015069611370563507,0.9980822801589966,0.3721156120300293,0.7438503503799438,0.3901415467262268,0.9553070068359375,0.3932333290576935,0.7427570819854736,-0.009989477694034576,0.9958635568618774,0.4568297266960144,0.7405116558074951,0.3732852637767792,0.5194868445396423,0.4919612407684326,0.7491251230239868,-0.03767910972237587,0.9723239541053772
rf,0.5580402612686157,0.3895484209060669,0.36158326268196106,0.9993385672569275,0.5599119663238525,0.3789016604423523,0.3270915150642395,0.999516487121582,0.5556904673576355,0.37675005197525024,0.3271320164203644,0.9996148347854614,0.5513265132904053,0.3746066093444824,0.3271949589252472,0.9995208978652954,0.5697915554046631,0.39273306727409363,0.2990846335887909,0.9994834661483765,0.570449948310852,0.393332839012146,0.29903748631477356,0.9995972514152527,0.5715939998626709,0.39375653862953186,0.29897433519363403,0.9995220899581909,0.5334610342979431,0.3704497218132019,0.21898919343948364,0.9994544386863708,0.5617273449897766,0.3880278468132019,0.08869019895792007,0.9994787573814392,0.5426462292671204,0.39059850573539734,0.33589544892311096,0.9986336827278137,0.5463290214538574,0.3985195755958557,0.2962443232536316,0.9984912872314453,0.43250447511672974,0.36634302139282227,0.26244497299194336,0.9990057349205017,0.5285871624946594,0.41419655084609985,-0.04725585877895355,0.9997285008430481,0.42679107189178467,0.34992825984954834,0.49997255206108093,0.1295122653245926,0.5193924307823181,0.41773080825805664,-0.015018856152892113,0.26875564455986023,0.49830442667007446,0.3551722466945648,0.6742516756057739,0.07998115569353104,0.47729799151420593,0.39129650592803955,0.1441747546195984,0.14538292586803436,0.5094460844993591,0.35212600231170654,0.7111688852310181,0.1197299137711525,0.47285062074661255,0.39007341861724854,0.15440815687179565,0.2645217180252075,0.5165988206863403,0.35666337609291077,0.6870629787445068,0.12517841160297394,0.4613535702228546,0.3854636251926422,0.14585046470165253,0.27032727003097534,0.5151025056838989,0.36006736755371094,0.6689101457595825,0.13224700093269348,0.4568490982055664,0.38597390055656433,0.1498405486345291,0.23714125156402588,0.3192787170410156,0.510955810546875,0.1557062864303589,0.9999322891235352,0.3904954493045807,0.5181565880775452,-0.15628264844417572,0.9999803304672241,0.360786110162735,0.6145313382148743,0.2844845652580261,0.9372134804725647,0.45556584000587463,0.6140052676200867,-0.08175274729728699,0.9994139671325684,0.38775885105133057,0.7214620113372803,0.3805561661720276,0.9057251214981079,0.4130629003047943,0.7256988883018494,-0.058902956545352936,0.9984945058822632,0.3722759187221527,0.7425833940505981,0.3892441391944885,0.9433336853981018,0.3964216113090515,0.7429342269897461,-0.056128520518541336,0.9965639710426331,0.4595150947570801,0.7325224876403809,0.34996435046195984,0.45968198776245117,0.4936550259590149,0.7457087635993958,-0.11782030761241913,0.9687014818191528
rf,0.5142790675163269,0.3744660019874573,0.4762556850910187,0.9997544884681702,0.5102617144584656,0.3650280237197876,0.4334316551685333,0.9998148083686829,0.5049752593040466,0.36352503299713135,0.4335261285305023,0.9998581409454346,0.49967801570892334,0.3620724380016327,0.43351560831069946,0.9998248219490051,0.5235717296600342,0.36857977509498596,0.4127539098262787,0.9998109936714172,0.5274837613105774,0.369482159614563,0.4127121865749359,0.9998601675033569,0.5314306020736694,0.37038493156433105,0.4127032458782196,0.9998295307159424,0.48712053894996643,0.36210310459136963,0.288585901260376,0.9997804760932922,0.5265394449234009,0.37781965732574463,0.19319207966327667,0.9997988343238831,0.5001084804534912,0.3775184750556946,0.4375038146972656,0.9994279742240906,0.5115072727203369,0.38049185276031494,0.40776315331459045,0.9993463158607483,0.40755876898765564,0.37568870186805725,0.3271854519844055,0.9987671375274658,0.5070860981941223,0.40710562467575073,0.05861175060272217,0.9992501139640808,0.44123831391334534,0.3775864839553833,0.5980444550514221,0.0822015181183815,0.5158587694168091,0.41162368655204773,0.20227967202663422,0.4119836390018463,0.4955393075942993,0.3743523955345154,0.8039292693138123,0.085504449903965,0.4888286888599396,0.3862122893333435,0.463657945394516,0.09659028053283691,0.4997883439064026,0.37377598881721497,0.8442251086235046,0.1364544928073883,0.4885779023170471,0.3851546049118042,0.48639899492263794,0.1868346482515335,0.5063363909721375,0.3756890892982483,0.819513201713562,0.1429169923067093,0.47693178057670593,0.3825415372848511,0.4711034297943115,0.1853916049003601,0.508220374584198,0.3780788481235504,0.8000442385673523,0.1376040279865265,0.47048014402389526,0.3829803466796875,0.4680626392364502,0.17313863337039948,0.3155640959739685,0.5171682834625244,0.1316261887550354,0.9999715089797974,0.39598333835601807,0.5228375196456909,-0.13225142657756805,0.9999885559082031,0.3578525185585022,0.6153096556663513,0.28929927945137024,0.9875460267066956,0.4512447714805603,0.6146265864372253,-0.04995770379900932,0.9998016953468323,0.38726845383644104,0.7161871790885925,0.3574601113796234,0.9668676853179932,0.4165128171443939,0.7273669838905334,-0.08694251626729965,0.9993417859077454,0.37311631441116333,0.73569256067276,0.3652987778186798,0.9831414222717285,0.39723479747772217,0.7442002892494202,-0.09019732475280762,0.998460054397583,0.4288870394229889,0.7271652221679688,0.32378852367401123,0.5556412935256958,0.4928259253501892,0.7489509582519531,-0.167575404047966,0.963721513748169
rf,0.4994082450866699,0.3667599558830261,0.4865930378437042,0.9998973608016968,0.5009171366691589,0.3613240122795105,0.43710392713546753,0.9999051094055176,0.49665263295173645,0.35989508032798767,0.43722495436668396,0.9999127388000488,0.4937838315963745,0.35845792293548584,0.4372562766075134,0.9999090433120728,0.5098300576210022,0.36496710777282715,0.4271722137928009,0.9999250173568726,0.5125105381011963,0.36645394563674927,0.42708054184913635,0.99993896484375,0.5152994990348816,0.367901086807251,0.4270327389240265,0.9999394416809082,0.4799908697605133,0.35768434405326843,0.26725804805755615,0.9998753070831299,0.5131470561027527,0.3705253601074219,0.22045530378818512,0.9999306201934814,0.48818427324295044,0.3695504367351532,0.43965771794319153,0.9996721744537354,0.4957883358001709,0.37350404262542725,0.424113005399704,0.9996159076690674,0.4012552797794342,0.37038254737854004,0.3019985854625702,0.9989187717437744,0.5102738738059998,0.4094753861427307,0.09730540961027145,0.9997115731239319,0.4243491291999817,0.3601897358894348,0.6204863786697388,0.25586992502212524,0.532164990901947,0.4186820089817047,0.36705559492111206,0.5811055302619934,0.46001505851745605,0.3482104241847992,0.9557715654373169,0.14648252725601196,0.5001744031906128,0.4017283320426941,0.8071081042289734,0.0853845626115799,0.4573253095149994,0.3461281657218933,1.0159685611724854,0.19167853891849518,0.502720832824707,0.40108489990234375,0.8661357760429382,0.14051081240177155,0.4668237268924713,0.34726643562316895,1.00217604637146,0.19905920326709747,0.48884809017181396,0.39448344707489014,0.8443306088447571,0.14067469537258148,0.4724345803260803,0.35028886795043945,0.9592396020889282,0.18760547041893005,0.4812105894088745,0.3944243788719177,0.8139616250991821,0.12847360968589783,0.31697016954421997,0.5156386494636536,0.12380468100309372,0.9999750852584839,0.3974606692790985,0.5225257873535156,-0.12463843077421188,0.9999877214431763,0.3572554588317871,0.616179883480072,0.2428223341703415,0.9885481595993042,0.4493741989135742,0.6124122738838196,-0.0019119225908070803,0.9997455477714539,0.3884725868701935,0.7176018953323364,0.2439984381198883,0.9739611744880676,0.4130052626132965,0.7242085337638855,-0.030105629935860634,0.9991942048072815,0.3751063048839569,0.7367755770683289,0.247634157538414,0.9905996918678284,0.3951987326145172,0.7401309013366699,-0.029944900423288345,0.998524010181427,0.44281476736068726,0.7303337454795837,0.22239810228347778,0.6126908659934998,0.48910820484161377,0.7486461997032166,-0.07012127339839935,0.9596075415611267
rf,0.5176883339881897,0.3845382332801819,0.42181485891342163,0.9989427924156189,0.5168665647506714,0.3740190863609314,0.3863012194633484,0.999104917049408,0.5121098756790161,0.37245452404022217,0.38633936643600464,0.9992185831069946,0.5072205066680908,0.37091752886772156,0.38636159896850586,0.9991269707679749,0.5279420614242554,0.37695980072021484,0.355347216129303,0.9991692304611206,0.5307568311691284,0.3773254156112671,0.3553227186203003,0.9993324875831604,0.5433392524719238,0.3863261938095093,0.3552623689174652,0.9992263317108154,0.4874797463417053,0.367777943611145,0.272016316652298,0.9991169571876526,0.529966413974762,0.37998324632644653,0.12915053963661194,0.9989210367202759,0.5022791624069214,0.38653844594955444,0.39445534348487854,0.9980363249778748,0.515743613243103,0.3892253041267395,0.35111290216445923,0.9973848462104797,0.39595866203308105,0.374735951423645,0.3068158030509949,0.9984748959541321,0.5042401552200317,0.40372955799102783,-0.020592397078871727,0.9996528625488281,0.40207576751708984,0.3765830397605896,0.565813422203064,0.11199387162923813,0.5410125255584717,0.41018062829971313,0.03525286540389061,0.4971155524253845,0.44063472747802734,0.373882919549942,0.7726213335990906,0.08633583784103394,0.5156301856040955,0.38890060782432556,0.23968328535556793,0.3304508328437805,0.44196751713752747,0.3734360933303833,0.8178900480270386,0.13039718568325043,0.5132977366447449,0.3876562714576721,0.253909707069397,0.48391619324684143,0.44803887605667114,0.3742852807044983,0.7988612055778503,0.1363147646188736,0.4999215006828308,0.3842564523220062,0.2481626570224762,0.48627734184265137,0.45112454891204834,0.3765152096748352,0.7717042565345764,0.13996146619319916,0.4946022927761078,0.38497698307037354,0.24738191068172455,0.43054747581481934,0.3152067959308624,0.5149780511856079,0.14805346727371216,0.9999194145202637,0.3948889970779419,0.521317183971405,-0.14869441092014313,0.9999686479568481,0.3539789021015167,0.6159533858299255,0.28511306643486023,0.9796882271766663,0.4470067322254181,0.6102595925331116,-0.06411765515804291,0.9994674324989319,0.38833650946617126,0.7181151509284973,0.38453903794288635,0.9464030265808105,0.4126068949699402,0.7259019017219543,-0.02798587642610073,0.9987984895706177,0.3742031157016754,0.7380192279815674,0.3953517973423004,0.9666720628738403,0.39494842290878296,0.7419432401657104,-0.022244231775403023,0.9965452551841736,0.44266486167907715,0.7271655201911926,0.36569055914878845,0.5292936563491821,0.48963508009910583,0.7480544447898865,-0.08409120887517929,0.964512825012207
rf,0.5568118095397949,0.40215253829956055,0.29496559500694275,0.9979047775268555,0.5634415149688721,0.39704442024230957,0.26643967628479004,0.9981330037117004,0.5615824460983276,0.3948529064655304,0.266452819108963,0.9983637928962708,0.5594894289970398,0.39207756519317627,0.266541063785553,0.9981264472007751,0.5663581490516663,0.4004133343696594,0.22421391308307648,0.9981511235237122,0.5664905309677124,0.4002726078033447,0.22422534227371216,0.9983111619949341,0.5674750208854675,0.3992006778717041,0.22414711117744446,0.9977444410324097,0.542857825756073,0.3772057294845581,0.19176244735717773,0.9985693693161011,0.5476149916648865,0.38801223039627075,-0.0025493453722447157,0.9971942901611328,0.5365315079689026,0.3957778215408325,0.2835339307785034,0.9977885484695435,0.5390660166740417,0.40129297971725464,0.22506940364837646,0.9970122575759888,0.4014260470867157,0.3665146231651306,0.17956559360027313,0.999489426612854,0.5216974020004272,0.3929294943809509,-0.13442561030387878,0.9998518228530884,0.3376893401145935,0.36498647928237915,0.35531413555145264,0.747035801410675,0.5410023927688599,0.38501644134521484,-0.2798934280872345,0.7919924259185791,0.3870633542537689,0.3783775866031647,0.4990803301334381,0.12356669455766678,0.495625376701355,0.36524075269699097,-0.3027014434337616,0.6390438079833984,0.3936212956905365,0.3796083927154541,0.5307310223579407,0.12110712379217148,0.48564034700393677,0.3627692461013794,-0.31663671135902405,0.6852798461914062,0.40335845947265625,0.38371750712394714,0.5099440217018127,0.12915194034576416,0.4768761396408081,0.3630019724369049,-0.29566851258277893,0.6922875046730042,0.4041195511817932,0.3851628005504608,0.49562302231788635,0.1457325518131256,0.47631171345710754,0.36427041888237,-0.2899288833141327,0.6157147288322449,0.31864818930625916,0.5096865296363831,0.14816401898860931,0.999735414981842,0.39711251854896545,0.5138241052627563,-0.14906054735183716,0.9999096393585205,0.35654282569885254,0.6110873222351074,0.1745252162218094,0.9569252729415894,0.4471195340156555,0.6098377704620361,-0.07763910293579102,0.9980722665786743,0.38383564352989197,0.7163127660751343,0.1894555687904358,0.9149829149246216,0.4111780822277069,0.7260919213294983,-0.0870290994644165,0.9953411817550659,0.37064385414123535,0.7357804179191589,0.19128720462322235,0.9272040724754333,0.3946206569671631,0.7430877089500427,-0.08633536100387573,0.9899128675460815,0.4337555766105652,0.7265112400054932,0.15913429856300354,0.5663473010063171,0.4919982850551605,0.7480788230895996,-0.12641394138336182,0.9483584761619568
rf,0.5712156891822815,0.3819116950035095,0.3217030465602875,0.9991113543510437,0.5738817453384399,0.3731284737586975,0.28394657373428345,0.9993259906768799,0.5691304206848145,0.3695453405380249,0.2839414179325104,0.9994028806686401,0.5657902956008911,0.3666709065437317,0.28401046991348267,0.9993071556091309,0.5797265768051147,0.3781101703643799,0.26281577348709106,0.9993460774421692,0.5812442898750305,0.37904977798461914,0.2627590596675873,0.9994018077850342,0.5813651084899902,0.3792416453361511,0.2626523971557617,0.999388575553894,0.5490184426307678,0.36041849851608276,0.16332866251468658,0.99891197681427,0.5656882524490356,0.3735448122024536,0.06901167333126068,0.9991888403892517,0.5519283413887024,0.3795427680015564,0.2910868227481842,0.9983371496200562,0.5588265657424927,0.38460883498191833,0.2622242271900177,0.9987075328826904,0.4026377201080322,0.36383044719696045,0.14419230818748474,0.9994329810142517,0.5302853584289551,0.4010409116744995,-0.03734193369746208,0.999850869178772,0.32412561774253845,0.38617080450057983,0.36809661984443665,0.9352662563323975,0.500237762928009,0.4453178942203522,0.0984850749373436,0.6700831055641174,0.36832621693611145,0.3674129843711853,0.6359723806381226,0.2497938722372055,0.48275691270828247,0.4017665982246399,0.3958705961704254,0.19605444371700287,0.38239410519599915,0.36593878269195557,0.6799713969230652,0.2068222314119339,0.48151054978370667,0.39382123947143555,0.4389190077781677,0.2254541516304016,0.39467817544937134,0.36636361479759216,0.6652277708053589,0.21334423124790192,0.47340285778045654,0.38441115617752075,0.43913543224334717,0.22526933252811432,0.392257422208786,0.3680974245071411,0.6371749639511108,0.2187039703130722,0.4714258015155792,0.3867034316062927,0.4088447093963623,0.20579800009727478,0.31855276226997375,0.5074434280395508,0.11621636152267456,0.9995874762535095,0.3954961895942688,0.5148984789848328,-0.11651347577571869,0.9998422861099243,0.3550291359424591,0.6121552586555481,0.15730667114257812,0.9122409224510193,0.4485289454460144,0.6123325228691101,-0.047417230904102325,0.998377799987793,0.3885643482208252,0.7195157408714294,0.17628034949302673,0.9105948209762573,0.40986907482147217,0.7222478985786438,-0.04152042418718338,0.9949647188186646,0.37270769476890564,0.7408542037010193,0.1780148297548294,0.9298032522201538,0.3927193284034729,0.7394396066665649,-0.04037652909755707,0.9904717206954956,0.4607519805431366,0.7388836145401001,0.16868799924850464,0.6844003200531006,0.4855698049068451,0.7446134090423584,-0.05173545330762863,0.963529109954834
rf,0.5642568469047546,0.378120481967926,0.5010415315628052,0.9998582601547241,0.5656013488769531,0.3705165386199951,0.45850175619125366,0.9998917579650879,0.5629109740257263,0.36870938539505005,0.4585338532924652,0.9999157190322876,0.5553171634674072,0.3651840090751648,0.4585806727409363,0.9998977184295654,0.5728195309638977,0.3748357892036438,0.4398319721221924,0.9998754262924194,0.5730103850364685,0.3750501275062561,0.4398278594017029,0.9998917579650879,0.5737452507019043,0.3754585385322571,0.4398234188556671,0.999869704246521,0.514611542224884,0.35939961671829224,0.2983416020870209,0.999879002571106,0.5576430559158325,0.37237173318862915,0.21299628913402557,0.9998258948326111,0.5434285998344421,0.37629348039627075,0.4557896852493286,0.9996147155761719,0.549197793006897,0.37973958253860474,0.429007351398468,0.9996364116668701,0.3894854187965393,0.36988770961761475,0.2292766571044922,0.9997586607933044,0.5177212357521057,0.403988242149353,0.09212996065616608,0.9997692704200745,0.31725019216537476,0.38288614153862,0.46905460953712463,0.969354510307312,0.501011848449707,0.42483997344970703,0.2108401507139206,0.609505295753479,0.37469249963760376,0.3600056767463684,0.7531073093414307,0.45282360911369324,0.46500030159950256,0.3871608376502991,0.46933168172836304,0.26987746357917786,0.3756324350833893,0.355846107006073,0.7943049073219299,0.3963882625102997,0.4612271785736084,0.3834277093410492,0.503808319568634,0.34274840354919434,0.38758257031440735,0.3591883182525635,0.7759491205215454,0.40790289640426636,0.45123445987701416,0.37517958879470825,0.4994218051433563,0.3579103946685791,0.3933049738407135,0.3570418059825897,0.7535248398780823,0.4228563904762268,0.4474886655807495,0.3755919635295868,0.47871169447898865,0.3135294020175934,0.3148173987865448,0.5119811296463013,0.10385648906230927,0.9998701810836792,0.39764803647994995,0.5201970338821411,-0.104463592171669,0.9999583959579468,0.35218995809555054,0.6134909987449646,0.16564157605171204,0.9863132238388062,0.4418213367462158,0.6089110374450684,-0.05583951622247696,0.9995429515838623,0.3850068747997284,0.7167170643806458,0.19543278217315674,0.9733195304870605,0.4104682207107544,0.7237967252731323,-0.11273816227912903,0.9985451698303223,0.3728448152542114,0.7355831861495972,0.20013105869293213,0.9760727286338806,0.39298152923583984,0.7398526668548584,-0.11675496399402618,0.9961963891983032,0.4416438043117523,0.7289881110191345,0.18207961320877075,0.7437517642974854,0.487478643655777,0.7467126250267029,-0.14746692776679993,0.9740906953811646
